Barcode1,NumberB1,Barcode2,NumberB2,MinCov
CAGTCT,15,AGACTG,16,15
CTAGTC,4,GACTAG,4,4
CGGCGG,5,CCGCCG,3,3
GCGCAA,13,TTGCGC,3,3
AGGAAA,3,TTTCCT,2,2
CCACTT,2,AAGTGG,2,2
TTTTCC,2,GGAAAA,3,2
TATACA,7,TGTATA,2,2
TGCTTC,2,GAAGCA,2,2
CTGCCC,2,GGGCAG,1,1
AGGCTG,1,CAGCCT,1,1
TTTTTG,1,CAAAAA,1,1
GGAGAA,1,TTCTCC,2,1
TGCCCT,2,AGGGCA,1,1
CAAGAA,1,TTCTTG,1,1
CTCTGG,1,CCAGAG,2,1
TAGGCA,1,TGCCTA,1,1
TGTGTG,1,CACACA,1,1
CACCCC,1,GGGGTG,1,1
TGCTGG,1,CCAGCA,1,1
AGGGCC,1,GGCCCT,1,1
TTCAGG,2,CCTGAA,1,1
ACTGTG,1,CACAGT,2,1
AATGCT,1,AGCATT,1,1
CAGAAA,1,TTTCTG,1,1
ATTCTA,1,TAGAAT,1,1
CCACAG,1,CTGTGG,1,1
TCCAAC,1,GTTGGA,1,1
TTCTTT,1,AAAGAA,1,1
AGAGGC,1,GCCTCT,1,1
GGGGAG,1,CTCCCC,1,1
TCTTGT,2,ACAAGA,1,1
TTTCTT,2,AAGAAA,1,1
AGACCA,1,TGGTCT,1,1
TTAACA,1,TGTTAA,1,1
GGTACT,1,AGTACC,1,1
AATAAA,1,TTTATT,1,1
GAATCT,1,AGATTC,1,1
TCCATT,1,AATGGA,1,1
GACACC,1,GGTGTC,1,1
AAAGGG,1,CCCTTT,1,1
CAGAAT,2,ATTCTG,1,1
TTGAGG,1,CCTCAA,1,1
AGGAGC,1,GCTCCT,1,1
TGCAAA,1,TTTGCA,1,1
CCACTC,1,GAGTGG,1,1
GCCTCC,1,GGAGGC,1,1
GATGAC,1,GTCATC,1,1
ACACCT,1,AGGTGT,1,1
ACGTTG,1,CAACGT,1,1
GCCAGG,2,CCTGGC,1,1
GTAATT,2,AATTAC,1,1
CTCTAG,1,CTAGAG,1,1
CATGAC,1,GTCATG,1,1
CCAGCC,1,GGCTGG,1,1
AGAGTA,1,TACTCT,1,1
TTCCTT,1,AAGGAA,1,1
CTGCCA,3,TGGCAG,1,1
ATGAAG,2,CTTCAT,1,1
TGGGCT,1,AGCCCA,1,1
CCCTGA,1,TCAGGG,1,1
CAGAGA,1,TCTCTG,1,1
TTGTCA,1,TGACAA,1,1
TCTGGC,3,GCCAGA,1,1
TGTAAT,1,ATTACA,1,1
TCTCCC,1,GGGAGA,1,1
TAAAAT,1,ATTTTA,2,1
AAAGGC,2,GCCTTT,1,1
GCGTCC,1,GGACGC,1,1
AGCCGC,1,GCGGCT,1,1
GCAGCA,1,TGCTGC,1,1
CATGAT,1,ATCATG,2,1
CCTTTT,1,AAAAGG,1,1
AAACAG,1,CTGTTT,1,1
GGAATT,1,AATTCC,1,1
GTCCCA,1,TGGGAC,1,1
GGTTGC,1,GCAACC,1,1
ACAGAC,1,GTCTGT,1,1
ACCTCC,1,GGAGGT,2,1
CTGAAG,1,CTTCAG,1,1
CCGCCA,2,TGGCGG,1,1
AGTGGC,2,GCCACT,1,1
AACCCC,2,GGGGTT,1,1
AGGACA,1,TGTCCT,1,1
GCCATT,2,AATGGC,1,1
GGGTCC,1,GGACCC,1,1
TCCATA,1,TATGGA,1,1
GGAGGG,1,CCCTCC,2,1
GAATGA,1,TCATTC,1,1
GCCCTG,1,CAGGGC,1,1
TTCCTC,1,GAGGAA,1,1
GGCCTC,2,GAGGCC,1,1
GGGCGG,1,CCGCCC,1,1
GAAGGC,1,GCCTTC,1,1
AAACTG,1,CAGTTT,1,1
AGCAGA,1,TCTGCT,1,1
CAGATG,1,CATCTG,2,1
TGGGGC,4,GCCCCA,1,1
ACATTC,1,GAATGT,1,1
CTGCTT,1,AAGCAG,1,1
TGATGT,1,ACATCA,0,0
ACGGCA,1,TGCCGT,0,0
GCTATT,1,AATAGC,0,0
CAAGCT,1,AGCTTG,0,0
ACGCTG,1,CAGCGT,0,0
TATGAA,1,TTCATA,0,0
TAACGG,1,CCGTTA,0,0
AGAAAC,1,GTTTCT,0,0
GGGTTC,1,GAACCC,0,0
GTGGAT,1,ATCCAC,0,0
TATTTA,1,TAAATA,0,0
CCAGCT,1,AGCTGG,0,0
CAAGCC,1,GGCTTG,0,0
TTACTA,1,TAGTAA,0,0
CCCACT,1,AGTGGG,0,0
CCATAT,1,ATATGG,0,0
AAAAAA,7,TTTTTT,0,0
TAGTCT,1,AGACTA,0,0
TGAATA,1,TATTCA,0,0
TTCTGT,1,ACAGAA,0,0
ACATCC,1,GGATGT,0,0
ATCCTT,1,AAGGAT,0,0
TTATCC,1,GGATAA,0,0
GAGCAT,1,ATGCTC,0,0
TGAAGC,1,GCTTCA,0,0
GATATG,1,CATATC,0,0
GTCTTA,1,TAAGAC,0,0
CTACAC,1,GTGTAG,0,0
CTAGGC,2,GCCTAG,0,0
GCTCCA,1,TGGAGC,0,0
CGCCCA,2,TGGGCG,0,0
CCAGGC,1,GCCTGG,0,0
TGGCAT,1,ATGCCA,0,0
CCGCGG,1,CCGCGG,0,0
GTCCAG,1,CTGGAC,0,0
GTCACT,1,AGTGAC,0,0
ATGTCT,1,AGACAT,0,0
ACAAGC,1,GCTTGT,0,0
TCAACA,1,TGTTGA,0,0
CACCCA,1,TGGGTG,0,0
AGATCT,1,AGATCT,0,0
GAATTA,1,TAATTC,0,0
AAGCCT,1,AGGCTT,0,0
TCAAGA,1,TCTTGA,0,0
GGTCTG,1,CAGACC,0,0
GACCGC,1,GCGGTC,0,0
AAGAGA,1,TCTCTT,0,0
TCATGC,1,GCATGA,0,0
TCTGTG,1,CACAGA,0,0
CGCACT,1,AGTGCG,0,0
AGGCTC,1,GAGCCT,0,0
AACTGC,1,GCAGTT,0,0
ATCTAC,1,GTAGAT,0,0
GGTGCC,1,GGCACC,0,0
CAAACA,1,TGTTTG,0,0
GTGACA,1,TGTCAC,0,0
GCTCAC,1,GTGAGC,0,0
ATTTGG,1,CCAAAT,0,0
GAGAGA,1,TCTCTC,0,0
TTACGT,1,ACGTAA,0,0
CCTTTG,1,CAAAGG,0,0
GCAAAG,1,CTTTGC,0,0
TCACAA,1,TTGTGA,0,0
ATGCAA,1,TTGCAT,0,0
GATGAA,1,TTCATC,0,0
ACAGGA,1,TCCTGT,0,0
CCCCCC,1,GGGGGG,0,0
TGATAG,1,CTATCA,0,0
AGTAAA,1,TTTACT,0,0
TATGCC,1,GGCATA,0,0
AAACTT,1,AAGTTT,0,0
CTTCTG,1,CAGAAG,0,0
CTGGGA,1,TCCCAG,0,0
CTTTTC,1,GAAAAG,0,0
TGAACA,1,TGTTCA,0,0
TGTGAT,1,ATCACA,0,0
TTATGG,1,CCATAA,0,0
TAAGGC,1,GCCTTA,0,0
GAGCCC,1,GGGCTC,0,0
CTTGCC,1,GGCAAG,0,0
ACAATG,1,CATTGT,0,0
CATTAT,1,ATAATG,0,0
TGTGGA,1,TCCACA,0,0
AGAATG,1,CATTCT,0,0
CTTAAC,1,GTTAAG,0,0
AAATAA,1,TTATTT,0,0
CCCTTC,1,GAAGGG,0,0
GCATAC,1,GTATGC,0,0
TTCGCA,1,TGCGAA,0,0
GGCAAT,1,ATTGCC,0,0
ATGTCC,1,GGACAT,0,0
CTTTTT,3,AAAAAG,0,0
AGATCC,1,GGATCT,0,0
TATCTG,1,CAGATA,0,0
AAGCAA,1,TTGCTT,0,0
TGAGTA,1,TACTCA,0,0
GCCTGC,1,GCAGGC,0,0
GAGCCA,1,TGGCTC,0,0
CATGCG,1,CGCATG,0,0
ACTCAG,1,CTGAGT,0,0
CAGGAG,2,CTCCTG,0,0
TGGTAG,1,CTACCA,0,0
CCAACT,1,AGTTGG,0,0
CAGGCT,1,AGCCTG,0,0
CACCAT,1,ATGGTG,0,0
GTGCTG,1,CAGCAC,0,0
CTCTGT,1,ACAGAG,0,0
CAGGCC,1,GGCCTG,0,0
TTATGT,1,ACATAA,0,0
CTCTCA,1,TGAGAG,0,0
ACTCAT,1,ATGAGT,0,0
TCGGAA,1,TTCCGA,0,0
TGTAAG,1,CTTACA,0,0
GAAACT,1,AGTTTC,0,0
GCGAAC,1,GTTCGC,0,0
GCCCTA,1,TAGGGC,0,0
ACAACC,1,GGTTGT,0,0
AATCCC,1,GGGATT,0,0
GGCGCT,1,AGCGCC,0,0
CTATAT,1,ATATAG,0,0
GACCTG,1,CAGGTC,0,0
CCTTGA,1,TCAAGG,0,0
TAATGC,1,GCATTA,0,0
ATTTTT,1,AAAAAT,0,0
TGGTGT,1,ACACCA,0,0
CTGAGC,1,GCTCAG,0,0
TAATTA,1,TAATTA,0,0
CCGAAG,1,CTTCGG,0,0
CAGGTA,1,TACCTG,0,0
GTGGGA,1,TCCCAC,0,0
CTTCAA,1,TTGAAG,0,0
TTGCCA,1,TGGCAA,0,0
ACAAAG,1,CTTTGT,0,0
TGCCCC,1,GGGGCA,0,0
CCCCTC,1,GAGGGG,0,0
AGGGGA,1,TCCCCT,0,0
ATTCCT,1,AGGAAT,0,0
TCTGAA,1,TTCAGA,0,0
AAATGA,1,TCATTT,0,0
ATTAAA,1,TTTAAT,0,0
GGCTCC,1,GGAGCC,0,0
GTGCGC,1,GCGCAC,0,0
AAGTCT,1,AGACTT,0,0
CAGCGG,1,CCGCTG,0,0
CTATAG,1,CTATAG,0,0
ATGTGG,1,CCACAT,0,0
GGCGGA,1,TCCGCC,0,0
ATAGCG,1,CGCTAT,0,0
GATCTC,1,GAGATC,0,0
CATAGT,1,ACTATG,0,0
CATCGA,1,TCGATG,0,0
TAGCCG,1,CGGCTA,0,0
TTCATT,1,AATGAA,0,0
TCAAGT,1,ACTTGA,0,0
AGAAAG,1,CTTTCT,0,0
CCACCG,1,CGGTGG,0,0
CCACGG,1,CCGTGG,0,0
TGCGTC,1,GACGCA,0,0
CATCAG,1,CTGATG,0,0
TGGACT,1,AGTCCA,0,0
CCTTCC,1,GGAAGG,0,0
CGCTTG,1,CAAGCG,0,0
TAAATG,1,CATTTA,0,0
TTACCC,1,GGGTAA,0,0
CCGGCG,1,CGCCGG,0,0
CAGCTT,1,AAGCTG,0,0
AAGATG,1,CATCTT,0,0
ATGACA,1,TGTCAT,0,0
CCCAGG,1,CCTGGG,0,0
GCGGGT,1,ACCCGC,0,0
CTTGGG,1,CCCAAG,0,0
GTTGAC,1,GTCAAC,0,0
CATGGA,1,TCCATG,0,0
GACGGG,1,CCCGTC,0,0
GAGGGC,1,GCCCTC,0,0
CTGGCC,1,GGCCAG,0,0
CATAGC,1,GCTATG,0,0
GTTTGA,1,TCAAAC,0,0
GGAGTC,1,GACTCC,0,0
GCACGG,1,CCGTGC,0,0
CCATGG,1,CCATGG,0,0
CTGGGT,1,ACCCAG,0,0
CTTACC,2,GGTAAG,0,0
GGTCAT,1,ATGACC,0,0
CCAGAA,1,TTCTGG,0,0
CAATGA,1,TCATTG,0,0
CTCATC,1,GATGAG,0,0
ATTACC,1,GGTAAT,0,0
GGCAAC,1,GTTGCC,0,0
TATCTA,1,TAGATA,0,0
CAATCT,1,AGATTG,0,0
CACAAG,1,CTTGTG,0,0
GGAGAG,1,CTCTCC,0,0
ACCCTG,1,CAGGGT,0,0
GGTGTT,1,AACACC,0,0
CTCCAC,1,GTGGAG,0,0
TCCCTT,1,AAGGGA,0,0
GTAGCC,1,GGCTAC,0,0
CAAAAT,1,ATTTTG,0,0
ACGCAG,1,CTGCGT,0,0
CACACG,1,CGTGTG,0,0
AGGCCC,1,GGGCCT,0,0
GGCATT,1,AATGCC,0,0
AGATGC,1,GCATCT,0,0
TGCCGG,1,CCGGCA,0,0
TGGATG,1,CATCCA,0,0
GCCGCT,1,AGCGGC,0,0
GTGCCT,1,AGGCAC,0,0
CGTGCC,1,GGCACG,0,0
AATGAC,1,GTCATT,0,0
CGGATG,1,CATCCG,0,0
GAGTTT,1,AAACTC,0,0
GTGGCC,1,GGCCAC,0,0
AATATA,1,TATATT,0,0
ATCACG,1,CGTGAT,0,0
CACCAA,1,TTGGTG,0,0
AGTCTA,1,TAGACT,0,0
GCCGGC,1,GCCGGC,0,0
AGGTTA,1,TAACCT,0,0
GTCCTG,1,CAGGAC,0,0
CTCTGA,1,TCAGAG,0,0
GAACAG,1,CTGTTC,0,0
CTGGCT,1,AGCCAG,0,0
GCGCCT,1,AGGCGC,0,0
CCTGTA,1,TACAGG,0,0
CATACT,1,AGTATG,0,0
CGAACA,1,TGTTCG,0,0
GCTTGG,1,CCAAGC,0,0
GGAAGC,1,GCTTCC,0,0
TCTGCC,1,GGCAGA,0,0
CTGCAC,1,GTGCAG,0,0
AATGTC,1,GACATT,0,0
GGTACA,1,TGTACC,0,0
AGTCAG,1,CTGACT,0,0
GTCGAT,1,ATCGAC,0,0
AAACAC,1,GTGTTT,0,0
GCCCTT,1,AAGGGC,0,0
TGACCT,1,AGGTCA,0,0
AGAGAG,2,CTCTCT,0,0
CGGGCG,1,CGCCCG,0,0
TTCCCT,1,AGGGAA,0,0
ACTACC,1,GGTAGT,0,0
CCCTGT,1,ACAGGG,0,0
TCACCG,1,CGGTGA,0,0
GGGTTT,1,AAACCC,0,0
TTGATG,1,CATCAA,0,0
GTATAG,1,CTATAC,0,0
CGTGGC,1,GCCACG,0,0
AAGGCT,1,AGCCTT,0,0
GCACTT,1,AAGTGC,0,0
GCCAGC,1,GCTGGC,0,0
TGGAAC,1,GTTCCA,0,0
AGTCTG,1,CAGACT,0,0
TGGGCC,1,GGCCCA,0,0
GCACGT,1,ACGTGC,0,0
GGTCCG,1,CGGACC,0,0
TCACTT,1,AAGTGA,0,0
AGGTAG,1,CTACCT,0,0
TTTTGG,1,CCAAAA,0,0
CACTGA,1,TCAGTG,0,0
GCACTG,1,CAGTGC,0,0
CGGTGC,1,GCACCG,0,0
GGGGGT,2,ACCCCC,0,0
TGTGTA,1,TACACA,0,0
TTTCAG,1,CTGAAA,0,0
TTCGTA,1,TACGAA,0,0
ACCAGG,2,CCTGGT,0,0
GATAAA,1,TTTATC,0,0
CCACCT,2,AGGTGG,0,0
GTGGGC,1,GCCCAC,0,0
TGCGGT,1,ACCGCA,0,0
GCCATG,1,CATGGC,0,0
TTAACT,1,AGTTAA,0,0
CTGTCA,5,TGACAG,0,0
GGTCAG,1,CTGACC,0,0
AACCTG,1,CAGGTT,0,0
CTCTCG,2,CGAGAG,0,0
CTTACT,2,AGTAAG,0,0
CAAATG,1,CATTTG,0,0
TTGGAG,1,CTCCAA,0,0
AGAGAT,1,ATCTCT,0,0
CAGGAT,1,ATCCTG,0,0
GCAGCG,1,CGCTGC,0,0
GTTCTG,1,CAGAAC,0,0
GAATCC,1,GGATTC,0,0
AAGGAC,1,GTCCTT,0,0
CCTCAT,2,ATGAGG,0,0
GTGACT,1,AGTCAC,0,0
CGCACC,1,GGTGCG,0,0
GGAACT,1,AGTTCC,0,0
AGCGTC,1,GACGCT,0,0
CTGCAA,1,TTGCAG,0,0
CCAAGA,1,TCTTGG,0,0
CCACTG,2,CAGTGG,0,0
TTGGTC,1,GACCAA,0,0
ATTTCA,1,TGAAAT,0,0
CAATTT,1,AAATTG,0,0
GGAGCT,2,AGCTCC,0,0
AGACTC,1,GAGTCT,0,0
TATGCA,1,TGCATA,0,0
TGGACA,1,TGTCCA,0,0
GGGCCA,2,TGGCCC,0,0
AATTGA,1,TCAATT,0,0
AAGCAC,1,GTGCTT,0,0
ACTGGA,2,TCCAGT,0,0
TCCGGC,1,GCCGGA,0,0
CAGGGG,1,CCCCTG,0,0
GACAGT,1,ACTGTC,0,0
GATTAA,1,TTAATC,0,0
AGAGTC,1,GACTCT,0,0
TGGTAT,1,ATACCA,0,0
CTAGAT,1,ATCTAG,0,0
AACAGT,3,ACTGTT,0,0
TTTTAG,1,CTAAAA,0,0
ACCATA,1,TATGGT,0,0
AGTGCA,1,TGCACT,0,0
CATCCC,1,GGGATG,0,0
AAATGT,1,ACATTT,0,0
AAGGTA,1,TACCTT,0,0
TTACCA,2,TGGTAA,0,0
ACATGC,1,GCATGT,0,0
GTGAAT,1,ATTCAC,0,0
TCCCGG,1,CCGGGA,0,0
CTTGGT,1,ACCAAG,0,0
GGGTGT,2,ACACCC,0,0
AACCTT,1,AAGGTT,0,0
GTATGA,1,TCATAC,0,0
AATTGT,2,ACAATT,0,0
GAGTCC,2,GGACTC,0,0
GGGCTG,1,CAGCCC,0,0
GAGTAT,1,ATACTC,0,0
CACTCT,1,AGAGTG,0,0
CGGATC,1,GATCCG,0,0
TGGCCG,1,CGGCCA,0,0
AAATAC,1,GTATTT,0,0
ATTCTT,1,AAGAAT,0,0
TAAGTC,1,GACTTA,0,0
CAAGTC,1,GACTTG,0,0
TTATTC,1,GAATAA,0,0
AGGCAG,4,CTGCCT,0,0
AACTTC,1,GAAGTT,0,0
ACACTT,2,AAGTGT,0,0
CAATAG,1,CTATTG,0,0
CCATCT,1,AGATGG,0,0
TACAAT,1,ATTGTA,0,0
GCTAAA,1,TTTAGC,0,0
GTTCAG,1,CTGAAC,0,0
TTAAAG,1,CTTTAA,0,0
CCTCCA,1,TGGAGG,0,0
GTTGTG,1,CACAAC,0,0
TCAAGC,1,GCTTGA,0,0
ACAACA,1,TGTTGT,0,0
TGGCCA,2,TGGCCA,0,0
TGAATG,1,CATTCA,0,0
TGGCAC,1,GTGCCA,0,0
CGGCTC,1,GAGCCG,0,0
CCCTCT,1,AGAGGG,0,0
AACTTA,1,TAAGTT,0,0
GTTGCT,1,AGCAAC,0,0
AGGGAC,1,GTCCCT,0,0
TCGCTC,1,GAGCGA,0,0
GTGCAA,2,TTGCAC,0,0
TGAGGG,1,CCCTCA,0,0
CCTCTT,3,AAGAGG,0,0
CCGACG,1,CGTCGG,0,0
GAGGCA,1,TGCCTC,0,0
AGAACA,1,TGTTCT,0,0
AAAGGT,2,ACCTTT,0,0
CTCAGG,2,CCTGAG,0,0
ATGGCA,2,TGCCAT,0,0
TGCCAG,3,CTGGCA,0,0
CCTCTG,1,CAGAGG,0,0
GCTTCT,2,AGAAGC,0,0
CGGGAC,1,GTCCCG,0,0
GTAGGT,1,ACCTAC,0,0
CCCAGA,2,TCTGGG,0,0
GAGCAG,2,CTGCTC,0,0
GCATTT,1,AAATGC,0,0
AATCAC,1,GTGATT,0,0
ACCAGC,1,GCTGGT,0,0
GCCTAC,1,GTAGGC,0,0
GGTCTC,1,GAGACC,0,0
GTGAGA,1,TCTCAC,0,0
AGCAAA,4,TTTGCT,0,0
AACAGA,1,TCTGTT,0,0
AGGCAT,1,ATGCCT,0,0
CGCTCG,1,CGAGCG,0,0
ACTCCC,1,GGGAGT,0,0
AAGTAA,2,TTACTT,0,0
GGCTGA,2,TCAGCC,0,0
AGTCAA,2,TTGACT,0,0
AGCAGC,1,GCTGCT,0,0
GAGAGG,2,CCTCTC,0,0
GAGGGA,1,TCCCTC,0,0
TATGTG,1,CACATA,0,0
ATGTGA,2,TCACAT,0,0
TGTATT,1,AATACA,0,0
GAGATT,1,AATCTC,0,0
CCCTGG,2,CCAGGG,0,0
GTCACA,1,TGTGAC,0,0
TGGGGG,1,CCCCCA,0,0
CATCAT,15,ATGATG,0,0
TACGGG,12,CCCGTA,0,0
TCTTTT,4,AAAAGA,0,0
TTTGTG,1,CACAAA,0,0
AAATTT,21,AAATTT,0,0
GCATGG,1,CCATGC,0,0
GATTTT,1,AAAATC,0,0
GAGCGC,1,GCGCTC,0,0
TCTTTC,1,GAAAGA,0,0
CTCCGC,1,GCGGAG,0,0
CAAGTA,1,TACTTG,0,0
TTTTCT,1,AGAAAA,0,0
ATGAGC,1,GCTCAT,0,0
CAGGTG,2,CACCTG,0,0
CTTTCA,1,TGAAAG,0,0
ATGCTG,1,CAGCAT,0,0
GTACAC,1,GTGTAC,0,0
CCTTGC,1,GCAAGG,0,0
TGCAGC,1,GCTGCA,0,0
GAGGAG,1,CTCCTC,0,0
GAATGC,1,GCATTC,0,0
CTCACC,2,GGTGAG,0,0
ACTGGG,1,CCCAGT,0,0
AGCTAT,1,ATAGCT,0,0
CAGCTC,1,GAGCTG,0,0
ACAAAT,1,ATTTGT,0,0
ACCTGA,1,TCAGGT,0,0
CAGTGA,1,TCACTG,0,0
AGTGTT,1,AACACT,0,0
TGAATC,1,GATTCA,0,0
TGACTT,1,AAGTCA,0,0
GGATGC,1,GCATCC,0,0
GCTTAT,1,ATAAGC,0,0
CCTCTA,1,TAGAGG,0,0
GGACTT,1,AAGTCC,0,0
TGAAGA,1,TCTTCA,0,0
GCACTC,1,GAGTGC,0,0
GACGAC,1,GTCGTC,0,0
TGTAGA,1,TCTACA,0,0
CAACCT,4,AGGTTG,0,0
AACCCT,1,AGGGTT,0,0
CACTGG,2,CCAGTG,0,0
AGCACG,1,CGTGCT,0,0
GTCCTC,1,GAGGAC,0,0
GTCAGT,1,ACTGAC,0,0
GGGTAC,1,GTACCC,0,0
ATGCCG,1,CGGCAT,0,0
TCCAGC,1,GCTGGA,0,0
AAGGCC,1,GGCCTT,0,0
GAGACA,1,TGTCTC,0,0
GCACAG,1,CTGTGC,0,0
GGCCAT,1,ATGGCC,0,0
AGCCGG,1,CCGGCT,0,0
AAAGAG,3,CTCTTT,0,0
ACTGTA,1,TACAGT,0,0
AAATAG,1,CTATTT,0,0
TGAGGC,1,GCCTCA,0,0
TACGCG,1,CGCGTA,0,0
CTGCTG,1,CAGCAG,0,0
AGTCGT,1,ACGACT,0,0
AGGGAG,1,CTCCCT,0,0
CACCAG,1,CTGGTG,0,0
GCGGGC,1,GCCCGC,0,0
GTCAGA,1,TCTGAC,0,0
AGGATG,1,CATCCT,0,0
TCCCAA,1,TTGGGA,0,0
GGCGAG,1,CTCGCC,0,0
CCCAGC,1,GCTGGG,0,0
GCTTTT,1,AAAAGC,0,0
GACTTC,1,GAAGTC,0,0
GGCCGC,1,GCGGCC,0,0
GTAGGG,1,CCCTAC,0,0
AGAGCT,2,AGCTCT,0,0
CTCACA,1,TGTGAG,0,0
TTCTCT,2,AGAGAA,0,0
TTGTAG,1,CTACAA,0,0
GGCACT,1,AGTGCC,0,0
TGAGGA,1,TCCTCA,0,0
GGCTGC,1,GCAGCC,0,0
GGCCAA,1,TTGGCC,0,0
CCTGCC,1,GGCAGG,0,0
GGTGCT,1,AGCACC,0,0
TTCCCC,1,GGGGAA,0,0
GACTGG,2,CCAGTC,0,0
CGGTAG,1,CTACCG,0,0
AGAAGG,2,CCTTCT,0,0
AACCGC,1,GCGGTT,0,0
GCCAGT,1,ACTGGC,0,0
CTCCTT,2,AAGGAG,0,0
CCTTGT,1,ACAAGG,0,0
GAACCT,1,AGGTTC,0,0
TTATGC,1,GCATAA,0,0
CATGTG,1,CACATG,0,0
GGCACA,1,TGTGCC,0,0
CACCTT,1,AAGGTG,0,0
CATCAC,1,GTGATG,0,0
CAGGAA,1,TTCCTG,0,0
TTTGAA,1,TTCAAA,0,0
GCGACT,1,AGTCGC,0,0
ATCCAG,1,CTGGAT,0,0
CGCAGA,1,TCTGCG,0,0
GTGGGG,1,CCCCAC,0,0
GTGGTG,2,CACCAC,0,0
ACTGAA,1,TTCAGT,0,0
CCAGAC,1,GTCTGG,0,0
CTACGA,1,TCGTAG,0,0
CTTATC,2,GATAAG,0,0
GATCCC,1,GGGATC,0,0
AATCTT,1,AAGATT,0,0
CACTGC,1,GCAGTG,0,0
GCCAAA,1,TTTGGC,0,0
CAGCCG,1,CGGCTG,0,0
CTCCAG,1,CTGGAG,0,0
GAATTC,1,GAATTC,0,0
CGAAGG,1,CCTTCG,0,0
CTGAGA,1,TCTCAG,0,0
TCCGAA,1,TTCGGA,0,0
GTTCGA,1,TCGAAC,0,0
GCAGAG,1,CTCTGC,0,0
GAGAGC,1,GCTCTC,0,0
GAAAGT,2,ACTTTC,0,0
CAGGCA,3,TGCCTG,0,0
CAAGAG,1,CTCTTG,0,0
ATGTTT,1,AAACAT,0,0
ACGCAA,1,TTGCGT,0,0
TTGCAA,1,TTGCAA,0,0
TAACCA,1,TGGTTA,0,0
GAGGTT,1,AACCTC,0,0
CACCGC,1,GCGGTG,0,0
CAGGGA,2,TCCCTG,0,0
GGTGGG,1,CCCACC,0,0
AGTGTA,1,TACACT,0,0
ACTACA,1,TGTAGT,0,0
TTCCTA,1,TAGGAA,0,0
TGCTAC,1,GTAGCA,0,0
CAGTTA,1,TAACTG,0,0
TGACTG,1,CAGTCA,0,0
CTAGGT,2,ACCTAG,0,0
GGGACA,1,TGTCCC,0,0
CCCGAG,1,CTCGGG,0,0
TGTAGC,1,GCTACA,0,0
ATCAGC,1,GCTGAT,0,0
GACCAT,1,ATGGTC,0,0
TCCTGG,2,CCAGGA,0,0
TCTGGA,2,TCCAGA,0,0
CACTCA,1,TGAGTG,0,0
GCAGAC,1,GTCTGC,0,0
CACGGG,1,CCCGTG,0,0
TCTACC,1,GGTAGA,0,0
TTCCAT,1,ATGGAA,0,0
TACATT,1,AATGTA,0,0
CGTCTC,1,GAGACG,0,0
GTTGGC,3,GCCAAC,0,0
TGGGAT,1,ATCCCA,0,0
AGGAGG,2,CCTCCT,0,0
CACAGC,1,GCTGTG,0,0
AGGTGC,2,GCACCT,0,0
TTGCCG,1,CGGCAA,0,0
GAAATG,1,CATTTC,0,0
ACACAC,1,GTGTGT,0,0
ATTTCC,1,GGAAAT,0,0
AATCCT,1,AGGATT,0,0
TAGTGT,1,ACACTA,0,0
AGCGCT,1,AGCGCT,0,0
GTCAAA,1,TTTGAC,0,0
